feature,coefficient,absolute_coefficient
is_international,-0.3872382896343781,0.3872382896343781
device_type_Web,-0.2825510618206861,0.2825510618206861
device_location_Delhi,-0.24299982211694704,0.24299982211694704
device_location_Mumbai,0.17425330487743984,0.17425330487743984
device_location_Chennai,-0.12435789690382584,0.12435789690382584
ip_risk_score,0.12407572631024906,0.12407572631024906
payment_mode_Wallet,-0.08890469285589159,0.08890469285589159
payment_mode_NetBanking,-0.08428771485264652,0.08428771485264652
transaction_type_Transfer,-0.08131611743151883,0.08131611743151883
transaction_type_Withdrawal,0.07136590832791137,0.07136590832791137
payment_mode_UPI,-0.06609543998400769,0.06609543998400769
login_attempts_last_24h,0.06595170302805214,0.06595170302805214
device_location_Hyderabad,0.06053183839296994,0.06053183839296994
risk_login_interaction,-0.05896663937727874,0.05896663937727874
amount_ratio,-0.03955212800648191,0.03955212800648191
device_type_iOS,-0.038605662496439014,0.038605662496439014
user_transaction_count,0.0376463213805197,0.0376463213805197
amount_deviation,0.026353447267795916,0.026353447267795916
transaction_hour,-0.0039058166440028184,0.0039058166440028184
previous_failed_attempts,0.0005430193901826868,0.0005430193901826868
account_age_days,0.00021674546439612132,0.00021674546439612132
hist_std,-1.1870289093961765e-05,1.1870289093961765e-05
transaction_amount,-4.406714554856329e-06,4.406714554856329e-06
hist_mean,3.025778043754646e-06,3.025778043754646e-06
avg_transaction_amount,-1.0089812522575297e-06,1.0089812522575297e-06
